filename,true_posture,pred_posture,probability,correct,side
1_右侧.txt,1,1,0.93477803,True,
1_右侧.txt,1,1,0.927602,True,
1_右侧.txt,1,1,0.9342453,True,
1_右侧.txt,1,1,0.9351383,True,
1_右侧.txt,1,1,0.9247222,True,
1_右侧.txt,1,1,0.9259333,True,
1_右侧.txt,1,1,0.587492,True,
1_右侧.txt,1,1,0.5053402,True,
1_右侧.txt,1,0,0.28761473,False,
1_右侧.txt,1,1,0.66516554,True,
1_右侧.txt,1,1,0.51455075,True,
1_右侧.txt,1,1,0.53092825,True,
1_右侧.txt,1,1,0.66830325,True,
1_右侧.txt,1,1,0.8791916,True,
1_右侧.txt,1,1,0.9274409,True,
1_右侧.txt,1,1,0.9097278,True,
1_右侧.txt,1,1,0.9258922,True,
1_右侧.txt,1,1,0.9172393,True,
1_右侧.txt,1,1,0.91667163,True,
1_右侧.txt,1,1,0.93416804,True,
1_右侧.txt,1,1,0.9286114,True,
1_右侧.txt,1,1,0.93053174,True,
1_右侧.txt,1,1,0.92842674,True,
1_右侧.txt,1,1,0.93307555,True,
1_右侧.txt,1,1,0.9273259,True,
1_右侧.txt,1,1,0.9174482,True,
1_右侧.txt,1,1,0.9295661,True,
1_右侧.txt,1,1,0.91491807,True,
1_右侧.txt,1,1,0.92912924,True,
1_右侧.txt,1,1,0.9171374,True,
1_右侧.txt,1,1,0.9251447,True,
1_右侧.txt,1,1,0.9271163,True,
1_右侧.txt,1,1,0.9186891,True,
1_右侧.txt,1,1,0.92680585,True,
1_右侧.txt,1,1,0.92695946,True,
1_右侧.txt,1,1,0.9257574,True,
1_右侧.txt,1,1,0.9234725,True,
1_右侧.txt,1,1,0.918944,True,
1_右侧.txt,1,1,0.9295049,True,
1_右侧.txt,1,1,0.9282636,True,
1_右侧.txt,1,1,0.9293915,True,
1_右侧.txt,1,1,0.93234366,True,
1_右侧.txt,1,1,0.92638725,True,
1_右侧.txt,1,1,0.93410337,True,
1_右侧.txt,1,1,0.9253837,True,
1_右侧.txt,1,1,0.92449397,True,
1_右侧.txt,1,1,0.9229006,True,
1_右侧.txt,1,1,0.9198183,True,
1_右侧.txt,1,1,0.9326582,True,
1_右侧.txt,1,1,0.9332989,True,
1_右侧.txt,1,1,0.9181515,True,
1_右侧.txt,1,1,0.91887736,True,
1_右侧.txt,1,1,0.9238193,True,
1_右侧.txt,1,1,0.9171672,True,
1_右侧.txt,1,1,0.91816056,True,
1_右侧.txt,1,1,0.9266437,True,
1_右侧.txt,1,1,0.9178918,True,
1_右侧.txt,1,1,0.92930216,True,
1_右侧.txt,1,1,0.92173713,True,
1_右侧.txt,1,1,0.9212912,True,
1_右侧.txt,1,1,0.92025465,True,
1_右侧.txt,1,1,0.92452365,True,
1_右侧.txt,1,1,0.92063385,True,
1_右侧.txt,1,1,0.93076134,True,
1_右侧.txt,1,1,0.91877615,True,
1_右侧.txt,1,1,0.9183813,True,
1_右侧.txt,1,1,0.9193026,True,
1_右侧.txt,1,1,0.9202981,True,
1_右侧.txt,1,1,0.9237952,True,
1_右侧.txt,1,1,0.9264447,True,
1_右侧.txt,1,1,0.9315892,True,
1_右侧.txt,1,1,0.9330531,True,
1_右侧.txt,1,1,0.91427875,True,
1_右侧.txt,1,1,0.9209343,True,
1_右侧.txt,1,1,0.9209362,True,
1_右侧.txt,1,1,0.9226696,True,
1_右侧.txt,1,1,0.9194942,True,
1_右侧.txt,1,1,0.9211992,True,
1_右侧.txt,1,1,0.92117965,True,
1_右侧.txt,1,1,0.9151474,True,
1_右侧.txt,1,1,0.91848946,True,
1_右侧.txt,1,1,0.91961586,True,
1_右侧.txt,1,1,0.9323454,True,
1_右侧.txt,1,1,0.92425925,True,
1_右侧.txt,1,1,0.9196299,True,
1_右侧.txt,1,1,0.92558026,True,
1_右侧.txt,1,1,0.92114854,True,
1_右侧.txt,1,1,0.9175224,True,
1_右侧.txt,1,1,0.932442,True,
1_右侧.txt,1,1,0.9183992,True,
1_右侧.txt,1,1,0.92204785,True,
1_右侧.txt,1,1,0.9164114,True,
1_右侧.txt,1,1,0.92347646,True,
1_右侧.txt,1,1,0.9139657,True,
1_右侧.txt,1,1,0.91753286,True,
1_右侧.txt,1,1,0.91947794,True,
1_右侧.txt,1,1,0.9174476,True,
1_右侧.txt,1,1,0.92214286,True,
1_左侧.txt,1,0,0.21035399,False,
1_左侧.txt,1,0,0.21333234,False,
1_左侧.txt,1,0,0.21543519,False,
1_左侧.txt,1,0,0.20975395,False,
1_左侧.txt,1,0,0.21291143,False,
1_左侧.txt,1,0,0.21279971,False,
1_左侧.txt,1,0,0.22098267,False,
1_左侧.txt,1,0,0.21755323,False,
1_左侧.txt,1,0,0.20840333,False,
1_左侧.txt,1,1,0.50465834,True,
1_左侧.txt,1,1,0.603479,True,
1_左侧.txt,1,1,0.8689841,True,
1_左侧.txt,1,1,0.95462024,True,
1_左侧.txt,1,1,0.9377229,True,
1_左侧.txt,1,1,0.95017624,True,
1_左侧.txt,1,1,0.9394696,True,
1_左侧.txt,1,1,0.9475725,True,
1_左侧.txt,1,1,0.95152277,True,
1_左侧.txt,1,1,0.9523071,True,
1_左侧.txt,1,1,0.9495699,True,
1_左侧.txt,1,1,0.94872415,True,
1_左侧.txt,1,1,0.94684714,True,
1_左侧.txt,1,1,0.94810915,True,
1_左侧.txt,1,1,0.9494081,True,
1_左侧.txt,1,1,0.954132,True,
1_左侧.txt,1,1,0.9559627,True,
1_左侧.txt,1,1,0.9496647,True,
1_左侧.txt,1,1,0.94807523,True,
1_左侧.txt,1,1,0.94493127,True,
1_左侧.txt,1,1,0.9554606,True,
1_左侧.txt,1,1,0.9481434,True,
1_左侧.txt,1,1,0.950129,True,
1_左侧.txt,1,1,0.93738705,True,
1_左侧.txt,1,1,0.9474229,True,
1_左侧.txt,1,1,0.94548005,True,
1_左侧.txt,1,1,0.94776523,True,
1_左侧.txt,1,1,0.94622946,True,
1_左侧.txt,1,1,0.94841444,True,
1_左侧.txt,1,1,0.9470874,True,
1_左侧.txt,1,1,0.9433664,True,
1_左侧.txt,1,1,0.95017385,True,
1_左侧.txt,1,1,0.94913864,True,
1_左侧.txt,1,1,0.9471249,True,
1_左侧.txt,1,1,0.948657,True,
1_左侧.txt,1,1,0.95194125,True,
1_左侧.txt,1,1,0.94346786,True,
1_左侧.txt,1,1,0.9450548,True,
1_左侧.txt,1,1,0.94301766,True,
1_左侧.txt,1,1,0.9501445,True,
1_左侧.txt,1,1,0.9499793,True,
1_左侧.txt,1,1,0.9546879,True,
1_左侧.txt,1,1,0.9493809,True,
1_左侧.txt,1,1,0.9515508,True,
1_左侧.txt,1,1,0.95052934,True,
1_左侧.txt,1,1,0.94525033,True,
1_左侧.txt,1,1,0.945225,True,
1_左侧.txt,1,1,0.94840914,True,
1_左侧.txt,1,1,0.9461408,True,
1_左侧.txt,1,1,0.94351524,True,
1_左侧.txt,1,1,0.94395447,True,
1_左侧.txt,1,1,0.9472357,True,
1_左侧.txt,1,1,0.94683135,True,
1_左侧.txt,1,1,0.9388217,True,
1_左侧.txt,1,1,0.9447828,True,
1_左侧.txt,1,1,0.942115,True,
1_左侧.txt,1,1,0.94783974,True,
1_左侧.txt,1,1,0.93873906,True,
1_左侧.txt,1,1,0.93976986,True,
1_左侧.txt,1,1,0.9384654,True,
1_左侧.txt,1,1,0.9454477,True,
1_左侧.txt,1,1,0.9464313,True,
1_左侧.txt,1,1,0.94374007,True,
1_左侧.txt,1,1,0.93635744,True,
1_左侧.txt,1,1,0.93653214,True,
1_左侧.txt,1,1,0.9375045,True,
1_左侧.txt,1,1,0.93889904,True,
1_左侧.txt,1,1,0.9252941,True,
1_左侧.txt,1,1,0.93560344,True,
1_左侧.txt,1,1,0.94127166,True,
1_左侧.txt,1,1,0.9374745,True,
1_左侧.txt,1,1,0.9370619,True,
1_左侧.txt,1,1,0.93652725,True,
1_左侧.txt,1,1,0.9330912,True,
1_左侧.txt,1,1,0.93249065,True,
1_左侧.txt,1,1,0.93804145,True,
1_左侧.txt,1,1,0.9386598,True,
1_左侧.txt,1,1,0.94296855,True,
1_左侧.txt,1,1,0.93537986,True,
1_左侧.txt,1,1,0.93811595,True,
1_左侧.txt,1,1,0.9277099,True,
1_左侧.txt,1,1,0.9293761,True,
1_左侧.txt,1,1,0.93223625,True,
1_左侧.txt,1,1,0.93901736,True,
1_左侧.txt,1,1,0.9250027,True,
1_左侧.txt,1,1,0.9324503,True,
1_左侧.txt,1,1,0.9343346,True,
1_平.txt,0,0,0.39908692,True,
1_平.txt,0,0,0.3867565,True,
1_平.txt,0,0,0.39407614,True,
1_平.txt,0,0,0.37301913,True,
1_平.txt,0,0,0.40165034,True,
1_平.txt,0,0,0.36061764,True,
1_平.txt,0,0,0.2862091,True,
1_平.txt,0,0,0.30142808,True,
1_平.txt,0,0,0.24103536,True,
1_平.txt,0,0,0.38727608,True,
1_平.txt,0,0,0.24309607,True,
1_平.txt,0,0,0.22288063,True,
1_平.txt,0,0,0.2206097,True,
1_平.txt,0,0,0.21628483,True,
1_平.txt,0,0,0.2111964,True,
1_平.txt,0,0,0.22174382,True,
1_平.txt,0,0,0.21551035,True,
1_平.txt,0,0,0.22571403,True,
1_平.txt,0,0,0.22089666,True,
1_平.txt,0,0,0.2214918,True,
1_平.txt,0,0,0.21835676,True,
1_平.txt,0,0,0.21924886,True,
1_平.txt,0,0,0.22223853,True,
1_平.txt,0,0,0.22231,True,
1_平.txt,0,0,0.22120906,True,
1_平.txt,0,0,0.21486005,True,
1_平.txt,0,0,0.21967673,True,
1_平.txt,0,0,0.21539953,True,
1_平.txt,0,0,0.2175565,True,
1_平.txt,0,0,0.21941763,True,
1_平.txt,0,0,0.21229447,True,
1_平.txt,0,0,0.22261275,True,
1_平.txt,0,0,0.21717815,True,
1_平.txt,0,0,0.21785116,True,
1_平.txt,0,0,0.22264345,True,
1_平.txt,0,0,0.21805789,True,
1_平.txt,0,0,0.22423624,True,
1_平.txt,0,0,0.20873423,True,
1_平.txt,0,0,0.22613175,True,
1_平.txt,0,0,0.22166836,True,
1_平.txt,0,0,0.22418442,True,
1_平.txt,0,0,0.22348003,True,
1_平.txt,0,0,0.22360277,True,
1_平.txt,0,0,0.22154124,True,
1_平.txt,0,0,0.2211118,True,
1_平.txt,0,0,0.21914007,True,
1_平.txt,0,0,0.22654437,True,
1_平.txt,0,0,0.22124343,True,
1_平.txt,0,0,0.22191861,True,
1_平.txt,0,0,0.22016467,True,
1_平.txt,0,0,0.22056033,True,
1_平.txt,0,0,0.22482027,True,
1_平.txt,0,0,0.21900445,True,
1_平.txt,0,0,0.22418967,True,
1_平.txt,0,0,0.22251229,True,
1_平.txt,0,0,0.22016226,True,
1_平.txt,0,0,0.21454102,True,
1_平.txt,0,0,0.21448898,True,
1_平.txt,0,0,0.21541755,True,
1_平.txt,0,0,0.21828488,True,
1_平.txt,0,0,0.21829283,True,
1_平.txt,0,0,0.21604578,True,
1_平.txt,0,0,0.2202128,True,
1_平.txt,0,0,0.21001558,True,
1_平.txt,0,0,0.22019227,True,
1_平.txt,0,0,0.21850143,True,
1_平.txt,0,0,0.21243209,True,
1_平.txt,0,0,0.22044325,True,
1_平.txt,0,0,0.21434423,True,
1_平.txt,0,0,0.2103487,True,
1_平.txt,0,0,0.21958296,True,
1_平.txt,0,0,0.20986913,True,
1_平.txt,0,0,0.21436661,True,
1_平.txt,0,0,0.21842718,True,
1_平.txt,0,0,0.22025174,True,
1_平.txt,0,0,0.21895087,True,
1_平.txt,0,0,0.21265113,True,
1_平.txt,0,0,0.21132731,True,
1_平.txt,0,0,0.20662108,True,
1_平.txt,0,0,0.21902847,True,
1_平.txt,0,0,0.21917379,True,
1_平.txt,0,0,0.22082475,True,
1_平.txt,0,0,0.21479224,True,
1_平.txt,0,0,0.21980144,True,
1_平.txt,0,0,0.21848638,True,
1_平.txt,0,0,0.21806563,True,
1_平.txt,0,0,0.22140716,True,
1_平.txt,0,0,0.21154077,True,
1_平.txt,0,0,0.21489416,True,
1_平.txt,0,0,0.21845195,True,
1_平.txt,0,0,0.21452476,True,
1_平.txt,0,0,0.21815717,True,
1_平.txt,0,0,0.2182582,True,
1_平.txt,0,0,0.21640818,True,
1_平.txt,0,0,0.22090556,True,
1_平.txt,0,0,0.21522884,True,
1_平.txt,0,0,0.22152096,True,
1_平.txt,0,0,0.21858025,True,
1_平.txt,0,0,0.21564426,True,
1_平.txt,0,0,0.2170672,True,
1_平.txt,0,0,0.21286996,True,
1_平.txt,0,0,0.22050965,True,
1_平.txt,0,0,0.21130125,True,
1_平.txt,0,0,0.21611032,True,
2_右侧.txt,1,1,0.91904575,True,
2_右侧.txt,1,1,0.92097116,True,
2_右侧.txt,1,1,0.92217565,True,
2_右侧.txt,1,1,0.920395,True,
2_右侧.txt,1,1,0.9209568,True,
2_右侧.txt,1,1,0.9221147,True,
2_右侧.txt,1,1,0.9211065,True,
2_右侧.txt,1,1,0.9170509,True,
2_右侧.txt,1,1,0.9169538,True,
2_右侧.txt,1,1,0.9199855,True,
2_右侧.txt,1,1,0.9187442,True,
2_右侧.txt,1,1,0.92284256,True,
2_右侧.txt,1,1,0.94659805,True,
2_右侧.txt,1,1,0.8906192,True,
2_右侧.txt,1,1,0.9184352,True,
2_右侧.txt,1,1,0.71269214,True,
2_右侧.txt,1,1,0.85501254,True,
2_右侧.txt,1,1,0.644106,True,
2_右侧.txt,1,1,0.8376428,True,
2_右侧.txt,1,1,0.8658254,True,
2_右侧.txt,1,1,0.8841997,True,
2_右侧.txt,1,1,0.8916266,True,
2_右侧.txt,1,1,0.885503,True,
2_右侧.txt,1,1,0.8977154,True,
2_右侧.txt,1,1,0.9015549,True,
2_右侧.txt,1,1,0.9009546,True,
2_右侧.txt,1,1,0.9002389,True,
2_右侧.txt,1,1,0.9028028,True,
2_右侧.txt,1,1,0.90550864,True,
2_右侧.txt,1,1,0.90625507,True,
2_右侧.txt,1,1,0.90460736,True,
2_右侧.txt,1,1,0.90657794,True,
2_右侧.txt,1,1,0.9050028,True,
2_右侧.txt,1,1,0.906495,True,
2_右侧.txt,1,1,0.90419465,True,
2_右侧.txt,1,1,0.9092694,True,
2_右侧.txt,1,1,0.904901,True,
2_右侧.txt,1,1,0.90820473,True,
2_右侧.txt,1,1,0.90319043,True,
2_右侧.txt,1,1,0.9067085,True,
2_右侧.txt,1,1,0.90828484,True,
2_右侧.txt,1,1,0.912243,True,
2_右侧.txt,1,1,0.91043174,True,
2_右侧.txt,1,1,0.9105182,True,
2_右侧.txt,1,1,0.9064326,True,
2_右侧.txt,1,1,0.90566033,True,
2_右侧.txt,1,1,0.9107258,True,
2_右侧.txt,1,1,0.9102252,True,
2_右侧.txt,1,1,0.9115421,True,
2_右侧.txt,1,1,0.9131171,True,
2_右侧.txt,1,1,0.91366917,True,
2_右侧.txt,1,1,0.91407096,True,
2_右侧.txt,1,1,0.91644275,True,
2_右侧.txt,1,1,0.9135181,True,
2_右侧.txt,1,1,0.9149051,True,
2_右侧.txt,1,1,0.9117483,True,
2_右侧.txt,1,1,0.912352,True,
2_右侧.txt,1,1,0.9119748,True,
2_右侧.txt,1,1,0.91107994,True,
2_右侧.txt,1,1,0.9123603,True,
2_右侧.txt,1,1,0.9117727,True,
2_右侧.txt,1,1,0.9149075,True,
2_右侧.txt,1,1,0.9143709,True,
2_右侧.txt,1,1,0.9100661,True,
2_右侧.txt,1,1,0.91082335,True,
2_右侧.txt,1,1,0.91311955,True,
2_右侧.txt,1,1,0.91337633,True,
2_右侧.txt,1,1,0.9082202,True,
2_右侧.txt,1,1,0.9066968,True,
2_右侧.txt,1,1,0.91268694,True,
2_右侧.txt,1,1,0.90744257,True,
2_右侧.txt,1,1,0.9066627,True,
2_右侧.txt,1,1,0.9080379,True,
2_右侧.txt,1,1,0.90741587,True,
2_右侧.txt,1,1,0.9094268,True,
2_右侧.txt,1,1,0.9075377,True,
2_右侧.txt,1,1,0.9108703,True,
2_右侧.txt,1,1,0.90870965,True,
2_右侧.txt,1,1,0.9046858,True,
2_右侧.txt,1,1,0.9098228,True,
2_右侧.txt,1,1,0.90993553,True,
2_右侧.txt,1,1,0.9048797,True,
2_右侧.txt,1,1,0.9069316,True,
2_右侧.txt,1,1,0.90248734,True,
2_右侧.txt,1,1,0.90989643,True,
2_右侧.txt,1,1,0.9112905,True,
2_右侧.txt,1,1,0.9111833,True,
2_右侧.txt,1,1,0.9126304,True,
2_右侧.txt,1,1,0.9111595,True,
2_右侧.txt,1,1,0.910302,True,
2_右侧.txt,1,1,0.9073671,True,
2_右侧.txt,1,1,0.9110931,True,
2_右侧.txt,1,1,0.90983737,True,
2_右侧.txt,1,1,0.90889794,True,
2_右侧.txt,1,1,0.90956414,True,
2_右侧.txt,1,1,0.9098957,True,
2_右侧.txt,1,1,0.91028506,True,
2_左侧.txt,1,0,0.18808523,False,
2_左侧.txt,1,0,0.19107638,False,
2_左侧.txt,1,0,0.18350157,False,
2_左侧.txt,1,0,0.18889715,False,
2_左侧.txt,1,0,0.18184754,False,
2_左侧.txt,1,0,0.18976887,False,
2_左侧.txt,1,0,0.18422411,False,
2_左侧.txt,1,0,0.18973848,False,
2_左侧.txt,1,0,0.19437271,False,
2_左侧.txt,1,0,0.18368617,False,
2_左侧.txt,1,0,0.1695631,False,
2_左侧.txt,1,0,0.38935906,False,
2_左侧.txt,1,0,0.22125459,False,
2_左侧.txt,1,1,0.82110906,True,
2_左侧.txt,1,1,0.854901,True,
2_左侧.txt,1,1,0.86553705,True,
2_左侧.txt,1,1,0.8886938,True,
2_左侧.txt,1,1,0.89151037,True,
2_左侧.txt,1,1,0.86461705,True,
2_左侧.txt,1,1,0.853405,True,
2_左侧.txt,1,1,0.8849629,True,
2_左侧.txt,1,1,0.8956077,True,
2_左侧.txt,1,1,0.8973653,True,
2_左侧.txt,1,1,0.9044883,True,
2_左侧.txt,1,1,0.90407425,True,
2_左侧.txt,1,1,0.9056903,True,
2_左侧.txt,1,1,0.90221345,True,
2_左侧.txt,1,1,0.9027483,True,
2_左侧.txt,1,1,0.9024431,True,
2_左侧.txt,1,1,0.9091095,True,
2_左侧.txt,1,1,0.9029306,True,
2_左侧.txt,1,1,0.90298295,True,
2_左侧.txt,1,1,0.89838094,True,
2_左侧.txt,1,1,0.90537983,True,
2_左侧.txt,1,1,0.9151087,True,
2_左侧.txt,1,1,0.9045847,True,
2_左侧.txt,1,1,0.9078314,True,
2_左侧.txt,1,1,0.9147279,True,
2_左侧.txt,1,1,0.91948336,True,
2_左侧.txt,1,1,0.90505356,True,
2_左侧.txt,1,1,0.9046653,True,
2_左侧.txt,1,1,0.9073239,True,
2_左侧.txt,1,1,0.9130539,True,
2_左侧.txt,1,1,0.91162443,True,
2_左侧.txt,1,1,0.91995066,True,
2_左侧.txt,1,1,0.91740024,True,
2_左侧.txt,1,1,0.9152852,True,
2_左侧.txt,1,1,0.9186887,True,
2_左侧.txt,1,1,0.9095095,True,
2_左侧.txt,1,1,0.9178977,True,
2_左侧.txt,1,1,0.9131042,True,
2_左侧.txt,1,1,0.9153067,True,
2_左侧.txt,1,1,0.9150471,True,
2_左侧.txt,1,1,0.9183724,True,
2_左侧.txt,1,1,0.91228104,True,
2_左侧.txt,1,1,0.9145309,True,
2_左侧.txt,1,1,0.91523695,True,
2_左侧.txt,1,1,0.92325956,True,
2_左侧.txt,1,1,0.9198342,True,
2_左侧.txt,1,1,0.9197457,True,
2_左侧.txt,1,1,0.9253516,True,
2_左侧.txt,1,1,0.91924065,True,
2_左侧.txt,1,1,0.91388214,True,
2_左侧.txt,1,1,0.91152173,True,
2_左侧.txt,1,1,0.9173053,True,
2_左侧.txt,1,1,0.9118856,True,
2_左侧.txt,1,1,0.9247204,True,
2_左侧.txt,1,1,0.92408097,True,
2_左侧.txt,1,1,0.9216136,True,
2_左侧.txt,1,1,0.91577816,True,
2_左侧.txt,1,1,0.92008984,True,
2_左侧.txt,1,1,0.9220805,True,
2_左侧.txt,1,1,0.91611415,True,
2_左侧.txt,1,1,0.9176265,True,
2_左侧.txt,1,1,0.92049706,True,
2_左侧.txt,1,1,0.921522,True,
2_左侧.txt,1,1,0.9203481,True,
2_左侧.txt,1,1,0.92076397,True,
2_左侧.txt,1,1,0.91889375,True,
2_左侧.txt,1,1,0.9197134,True,
2_左侧.txt,1,1,0.9176225,True,
2_左侧.txt,1,1,0.9221753,True,
2_左侧.txt,1,1,0.9199877,True,
2_左侧.txt,1,1,0.9237691,True,
2_左侧.txt,1,1,0.91379815,True,
2_左侧.txt,1,1,0.9116738,True,
2_左侧.txt,1,1,0.9202619,True,
2_左侧.txt,1,1,0.91909236,True,
2_左侧.txt,1,1,0.9153702,True,
2_左侧.txt,1,1,0.92074466,True,
2_左侧.txt,1,1,0.91764116,True,
2_左侧.txt,1,1,0.92298913,True,
2_左侧.txt,1,1,0.9260574,True,
2_左侧.txt,1,1,0.91952455,True,
2_左侧.txt,1,1,0.9233132,True,
2_左侧.txt,1,1,0.91956395,True,
2_左侧.txt,1,1,0.92408824,True,
2_左侧.txt,1,1,0.9120657,True,
2_左侧.txt,1,1,0.91431594,True,
2_左侧.txt,1,1,0.91479075,True,
2_左侧.txt,1,1,0.91839063,True,
2_平.txt,0,0,0.18377988,True,
2_平.txt,0,0,0.18910368,True,
2_平.txt,0,0,0.18529768,True,
2_平.txt,0,0,0.18719327,True,
2_平.txt,0,0,0.19106688,True,
2_平.txt,0,0,0.18594602,True,
2_平.txt,0,0,0.18361524,True,
2_平.txt,0,0,0.18398686,True,
2_平.txt,0,0,0.18532997,True,
2_平.txt,0,0,0.19760036,True,
2_平.txt,0,0,0.18548653,True,
2_平.txt,0,0,0.18092307,True,
2_平.txt,0,0,0.18534882,True,
2_平.txt,0,0,0.18754219,True,
2_平.txt,0,0,0.18023388,True,
2_平.txt,0,0,0.18873641,True,
2_平.txt,0,0,0.18101838,True,
2_平.txt,0,0,0.18534878,True,
2_平.txt,0,0,0.1867034,True,
2_平.txt,0,0,0.19183046,True,
2_平.txt,0,0,0.18333848,True,
2_平.txt,0,0,0.19146137,True,
2_平.txt,0,0,0.18471551,True,
2_平.txt,0,0,0.18438728,True,
2_平.txt,0,0,0.18621473,True,
2_平.txt,0,0,0.18990381,True,
2_平.txt,0,0,0.19061589,True,
2_平.txt,0,0,0.18902169,True,
2_平.txt,0,0,0.18375924,True,
2_平.txt,0,0,0.19173571,True,
2_平.txt,0,0,0.18321407,True,
2_平.txt,0,0,0.19188556,True,
2_平.txt,0,0,0.19126111,True,
2_平.txt,0,0,0.17940794,True,
2_平.txt,0,0,0.18316679,True,
2_平.txt,0,0,0.18006872,True,
2_平.txt,0,0,0.18962805,True,
2_平.txt,0,0,0.191902,True,
2_平.txt,0,0,0.19474408,True,
2_平.txt,0,0,0.18373445,True,
2_平.txt,0,0,0.18208955,True,
2_平.txt,0,0,0.18090875,True,
2_平.txt,0,0,0.19185384,True,
2_平.txt,0,0,0.19250509,True,
2_平.txt,0,0,0.18555304,True,
2_平.txt,0,0,0.18676437,True,
2_平.txt,0,0,0.19006236,True,
2_平.txt,0,0,0.1866189,True,
2_平.txt,0,0,0.18160811,True,
2_平.txt,0,0,0.18641421,True,
2_平.txt,0,0,0.18727873,True,
2_平.txt,0,0,0.18503265,True,
2_平.txt,0,0,0.1898317,True,
2_平.txt,0,0,0.18613315,True,
2_平.txt,0,0,0.1844543,True,
2_平.txt,0,0,0.18920116,True,
2_平.txt,0,0,0.17821503,True,
2_平.txt,0,0,0.17713845,True,
2_平.txt,0,0,0.18321547,True,
2_平.txt,0,0,0.19103417,True,
2_平.txt,0,0,0.18613444,True,
2_平.txt,0,0,0.1840332,True,
2_平.txt,0,0,0.18324058,True,
2_平.txt,0,0,0.18553711,True,
2_平.txt,0,0,0.18244553,True,
2_平.txt,0,0,0.18094496,True,
2_平.txt,0,0,0.17923602,True,
2_平.txt,0,0,0.17829102,True,
2_平.txt,0,0,0.18172412,True,
2_平.txt,0,0,0.18524136,True,
2_平.txt,0,0,0.18758442,True,
2_平.txt,0,0,0.18067673,True,
2_平.txt,0,0,0.18648742,True,
2_平.txt,0,0,0.17571807,True,
2_平.txt,0,0,0.18427038,True,
2_平.txt,0,0,0.1845845,True,
2_平.txt,0,0,0.18334822,True,
2_平.txt,0,0,0.18821919,True,
2_平.txt,0,0,0.18956174,True,
2_平.txt,0,0,0.19206987,True,
2_平.txt,0,0,0.18523125,True,
2_平.txt,0,0,0.18671064,True,
2_平.txt,0,0,0.1778245,True,
2_平.txt,0,0,0.18482204,True,
2_平.txt,0,0,0.18224454,True,
2_平.txt,0,0,0.18172371,True,
2_平.txt,0,0,0.18607719,True,
2_平.txt,0,0,0.18698853,True,
2_平.txt,0,0,0.18455535,True,
2_平.txt,0,0,0.18575987,True,
2_平.txt,0,0,0.1791829,True,
2_平.txt,0,0,0.18173166,True,
2_平.txt,0,0,0.18828307,True,
2_平.txt,0,0,0.18402024,True,
2_平.txt,0,0,0.18351176,True,
D_L右侧_R右侧.txt,1,1,0.8647834,True,left
D_L右侧_R右侧.txt,1,0,0.38460293,False,right
D_L右侧_R右侧.txt,1,1,0.87476766,True,left
D_L右侧_R右侧.txt,1,1,0.41763145,False,right
D_L右侧_R右侧.txt,1,1,0.8522147,True,left
D_L右侧_R右侧.txt,1,1,0.41702998,False,right
D_L右侧_R右侧.txt,1,1,0.8563969,True,left
D_L右侧_R右侧.txt,1,1,0.4105346,False,right
D_L右侧_R右侧.txt,1,1,0.84840864,True,left
D_L右侧_R右侧.txt,1,1,0.42583874,False,right
D_L右侧_R右侧.txt,1,1,0.85288274,True,left
D_L右侧_R右侧.txt,1,1,0.44953847,False,right
D_L右侧_R右侧.txt,1,1,0.87293863,True,left
D_L右侧_R右侧.txt,1,0,0.40453652,False,right
D_L右侧_R右侧.txt,1,1,0.846562,True,left
D_L右侧_R右侧.txt,1,1,0.42253953,False,right
D_L右侧_R右侧.txt,1,1,0.8473094,True,left
D_L右侧_R右侧.txt,1,0,0.33880687,False,right
D_L右侧_R右侧.txt,1,1,0.8327274,True,left
D_L右侧_R右侧.txt,1,1,0.43175247,False,right
D_L右侧_R右侧.txt,1,1,0.80322826,True,left
D_L右侧_R右侧.txt,1,1,0.5136793,False,right
D_L右侧_R右侧.txt,1,1,0.7942648,True,left
D_L右侧_R右侧.txt,1,0,0.20146984,False,right
D_L右侧_R右侧.txt,1,1,0.69969,True,left
D_L右侧_R右侧.txt,1,1,0.66648453,False,right
D_L右侧_R右侧.txt,1,1,0.42247462,True,left
D_L右侧_R右侧.txt,1,1,0.5288906,False,right
D_L右侧_R右侧.txt,1,1,0.8175756,True,left
D_L右侧_R右侧.txt,1,1,0.57403886,False,right
D_L右侧_R右侧.txt,1,1,0.8119451,True,left
D_L右侧_R右侧.txt,1,1,0.6128808,False,right
D_L右侧_R右侧.txt,1,1,0.86285377,True,left
D_L右侧_R右侧.txt,1,1,0.6463995,False,right
D_L右侧_R右侧.txt,1,1,0.8442147,True,left
D_L右侧_R右侧.txt,1,1,0.6615492,False,right
D_L右侧_R右侧.txt,1,1,0.8271299,True,left
D_L右侧_R右侧.txt,1,1,0.6740447,False,right
D_L右侧_R右侧.txt,1,1,0.80630386,True,left
D_L右侧_R右侧.txt,1,1,0.6607764,False,right
D_L右侧_R右侧.txt,1,1,0.8171762,True,left
D_L右侧_R右侧.txt,1,1,0.6508756,False,right
D_L右侧_R右侧.txt,1,1,0.8067536,True,left
D_L右侧_R右侧.txt,1,1,0.6632555,False,right
D_L右侧_R右侧.txt,1,1,0.78897023,True,left
D_L右侧_R右侧.txt,1,1,0.6834079,False,right
D_L右侧_R右侧.txt,1,1,0.77403116,True,left
D_L右侧_R右侧.txt,1,1,0.6835649,False,right
D_L右侧_R右侧.txt,1,1,0.81471527,True,left
D_L右侧_R右侧.txt,1,1,0.5986562,False,right
D_L右侧_R右侧.txt,1,1,0.8153728,True,left
D_L右侧_R右侧.txt,1,1,0.6434249,False,right
D_L右侧_R右侧.txt,1,1,0.81711787,True,left
D_L右侧_R右侧.txt,1,1,0.653342,False,right
D_L右侧_R右侧.txt,1,1,0.8098104,True,left
D_L右侧_R右侧.txt,1,1,0.6699612,False,right
D_L右侧_R右侧.txt,1,1,0.76001453,True,left
D_L右侧_R右侧.txt,1,1,0.66040766,False,right
D_L右侧_R右侧.txt,1,1,0.81611043,True,left
D_L右侧_R右侧.txt,1,1,0.6667143,False,right
D_L右侧_R右侧.txt,1,1,0.7869441,True,left
D_L右侧_R右侧.txt,1,1,0.6704806,False,right
D_L右侧_R右侧.txt,1,1,0.7707139,True,left
D_L右侧_R右侧.txt,1,1,0.6654855,False,right
D_L右侧_R右侧.txt,1,1,0.76841354,True,left
D_L右侧_R右侧.txt,1,1,0.66118383,False,right
D_L右侧_R右侧.txt,1,1,0.8147284,True,left
D_L右侧_R右侧.txt,1,1,0.649101,False,right
D_L右侧_R右侧.txt,1,1,0.80041885,True,left
D_L右侧_R右侧.txt,1,1,0.6726777,False,right
D_L右侧_R右侧.txt,1,1,0.7604703,True,left
D_L右侧_R右侧.txt,1,1,0.66952467,False,right
D_L右侧_R右侧.txt,1,1,0.7712121,True,left
D_L右侧_R右侧.txt,1,1,0.65727127,False,right
D_L右侧_R右侧.txt,1,1,0.7934447,True,left
D_L右侧_R右侧.txt,1,1,0.65996885,False,right
D_L右侧_R右侧.txt,1,1,0.751906,True,left
D_L右侧_R右侧.txt,1,1,0.65854084,False,right
D_L右侧_R右侧.txt,1,1,0.81024146,True,left
D_L右侧_R右侧.txt,1,1,0.6662822,False,right
D_L右侧_R右侧.txt,1,1,0.7963463,True,left
D_L右侧_R右侧.txt,1,1,0.67570233,False,right
D_L右侧_R右侧.txt,1,1,0.77863836,True,left
D_L右侧_R右侧.txt,1,1,0.6714802,False,right
D_L右侧_R右侧.txt,1,1,0.7976347,True,left
D_L右侧_R右侧.txt,1,1,0.63410515,False,right
D_L右侧_R右侧.txt,1,1,0.77001786,True,left
D_L右侧_R右侧.txt,1,1,0.659857,False,right
D_L右侧_R右侧.txt,1,1,0.7867632,True,left
D_L右侧_R右侧.txt,1,1,0.6556301,False,right
D_L右侧_R右侧.txt,1,1,0.7928992,True,left
D_L右侧_R右侧.txt,1,1,0.66107357,False,right
D_L右侧_R右侧.txt,1,1,0.7684474,True,left
D_L右侧_R右侧.txt,1,1,0.6556057,False,right
D_L右侧_R右侧.txt,1,1,0.79634404,True,left
D_L右侧_R右侧.txt,1,1,0.6668074,False,right
D_L右侧_R右侧.txt,1,1,0.7602588,True,left
D_L右侧_R右侧.txt,1,1,0.61412925,False,right
D_L右侧_R右侧.txt,1,1,0.7878548,True,left
D_L右侧_R右侧.txt,1,1,0.65713656,False,right
D_L右侧_R右侧.txt,1,1,0.7933944,True,left
D_L右侧_R右侧.txt,1,1,0.67263377,False,right
D_L右侧_R右侧.txt,1,1,0.79795724,True,left
D_L右侧_R右侧.txt,1,1,0.6566331,False,right
D_L右侧_R右侧.txt,1,1,0.78200674,True,left
D_L右侧_R右侧.txt,1,1,0.66001534,False,right
D_L右侧_R右侧.txt,1,1,0.77683395,True,left
D_L右侧_R右侧.txt,1,1,0.68925273,False,right
D_L右侧_R右侧.txt,1,1,0.7666062,True,left
D_L右侧_R右侧.txt,1,1,0.6683706,False,right
D_L右侧_R右侧.txt,1,1,0.7832921,True,left
D_L右侧_R右侧.txt,1,1,0.6508721,False,right
D_L右侧_R右侧.txt,1,1,0.7166008,True,left
D_L右侧_R右侧.txt,1,1,0.6232026,False,right
D_L右侧_R右侧.txt,1,1,0.7828065,True,left
D_L右侧_R右侧.txt,1,1,0.6602359,False,right
D_L右侧_R右侧.txt,1,1,0.7627981,True,left
D_L右侧_R右侧.txt,1,1,0.6723359,False,right
D_L右侧_R右侧.txt,1,1,0.75651824,True,left
D_L右侧_R右侧.txt,1,1,0.64799744,False,right
D_L右侧_R右侧.txt,1,1,0.7715482,True,left
D_L右侧_R右侧.txt,1,1,0.65981436,False,right
D_L右侧_R右侧.txt,1,1,0.77391285,True,left
D_L右侧_R右侧.txt,1,1,0.6451724,False,right
D_L右侧_R右侧.txt,1,1,0.7766527,True,left
D_L右侧_R右侧.txt,1,1,0.65800077,False,right
D_L右侧_R右侧.txt,1,1,0.75747544,True,left
D_L右侧_R右侧.txt,1,1,0.69661653,False,right
D_L右侧_R右侧.txt,1,1,0.7451437,True,left
D_L右侧_R右侧.txt,1,1,0.7000505,False,right
D_L右侧_R右侧.txt,1,1,0.76417166,True,left
D_L右侧_R右侧.txt,1,1,0.69138527,False,right
D_L右侧_R右侧.txt,1,1,0.75469947,True,left
D_L右侧_R右侧.txt,1,1,0.6990172,False,right
D_L右侧_R右侧.txt,1,1,0.74892557,True,left
D_L右侧_R右侧.txt,1,1,0.6856778,False,right
D_L右侧_R右侧.txt,1,1,0.74088204,True,left
D_L右侧_R右侧.txt,1,1,0.6896956,False,right
D_L右侧_R右侧.txt,1,1,0.73173046,True,left
D_L右侧_R右侧.txt,1,1,0.57578397,False,right
D_L右侧_R右侧.txt,1,1,0.72728693,True,left
D_L右侧_R右侧.txt,1,1,0.698328,False,right
D_L右侧_R右侧.txt,1,1,0.7411871,True,left
D_L右侧_R右侧.txt,1,1,0.69099504,False,right
D_L右侧_R右侧.txt,1,1,0.7505398,True,left
D_L右侧_R右侧.txt,1,1,0.68721783,False,right
D_L右侧_R右侧.txt,1,1,0.75174093,True,left
D_L右侧_R右侧.txt,1,1,0.6815653,False,right
D_L右侧_R右侧.txt,1,1,0.73418033,True,left
D_L右侧_R右侧.txt,1,1,0.6995676,False,right
D_L右侧_R右侧.txt,1,1,0.70670897,True,left
D_L右侧_R右侧.txt,1,1,0.68504536,False,right
D_L右侧_R右侧.txt,1,1,0.70731044,True,left
D_L右侧_R右侧.txt,1,1,0.70218265,False,right
D_L右侧_R右侧.txt,1,1,0.69966984,True,left
D_L右侧_R右侧.txt,1,1,0.6990203,False,right
D_L右侧_R右侧.txt,1,1,0.65722513,True,left
D_L右侧_R右侧.txt,1,1,0.69689584,False,right
D_L右侧_R右侧.txt,1,1,0.7286235,True,left
D_L右侧_R右侧.txt,1,1,0.6989795,False,right
D_L右侧_R右侧.txt,1,1,0.74481,True,left
D_L右侧_R右侧.txt,1,1,0.6983515,False,right
D_L右侧_R右侧.txt,1,1,0.6570842,True,left
D_L右侧_R右侧.txt,1,1,0.67120564,False,right
D_L右侧_R右侧.txt,1,1,0.753632,True,left
D_L右侧_R右侧.txt,1,1,0.68997896,False,right
D_L右侧_R右侧.txt,1,1,0.70635176,True,left
D_L右侧_R右侧.txt,1,1,0.68238413,False,right
D_L右侧_R右侧.txt,1,1,0.7169633,True,left
D_L右侧_R右侧.txt,1,1,0.6806261,False,right
D_L右侧_R平.txt,1,1,0.44254142,True,left
D_L右侧_R平.txt,0,0,0.14212428,False,right
D_L右侧_R平.txt,1,1,0.45055237,True,left
D_L右侧_R平.txt,0,0,0.1426249,False,right
D_L右侧_R平.txt,1,1,0.46509662,True,left
D_L右侧_R平.txt,0,0,0.14343537,False,right
D_L右侧_R平.txt,1,1,0.4466538,True,left
D_L右侧_R平.txt,0,0,0.13869008,False,right
D_L右侧_R平.txt,1,1,0.43283936,True,left
D_L右侧_R平.txt,0,0,0.13843937,False,right
D_L右侧_R平.txt,1,1,0.44507664,True,left
D_L右侧_R平.txt,0,0,0.14412518,False,right
D_L右侧_R平.txt,1,1,0.45790422,True,left
D_L右侧_R平.txt,0,0,0.13883331,False,right
D_L右侧_R平.txt,1,1,0.6061446,True,left
D_L右侧_R平.txt,0,0,0.110822394,False,right
D_L右侧_R平.txt,1,1,0.9752873,True,left
D_L右侧_R平.txt,0,0,0.23369054,False,right
D_L右侧_R平.txt,1,1,0.811111,True,left
D_L右侧_R平.txt,0,0,0.36265892,False,right
D_L右侧_R平.txt,1,1,0.71614003,True,left
D_L右侧_R平.txt,0,0,0.19050957,False,right
D_L右侧_R平.txt,1,1,0.68446934,True,left
D_L右侧_R平.txt,0,0,0.16791639,False,right
D_L右侧_R平.txt,1,1,0.7377336,True,left
D_L右侧_R平.txt,0,0,0.37796065,False,right
D_L右侧_R平.txt,1,1,0.6638087,True,left
D_L右侧_R平.txt,0,0,0.21554221,False,right
D_L右侧_R平.txt,1,1,0.7314585,True,left
D_L右侧_R平.txt,0,0,0.36689112,False,right
D_L右侧_R平.txt,1,1,0.84774053,True,left
D_L右侧_R平.txt,0,0,0.22579907,False,right
D_L右侧_R平.txt,1,1,0.87172794,True,left
D_L右侧_R平.txt,0,0,0.22363299,False,right
D_L右侧_R平.txt,1,1,0.87271106,True,left
D_L右侧_R平.txt,0,0,0.23968387,False,right
D_L右侧_R平.txt,1,1,0.8835079,True,left
D_L右侧_R平.txt,0,0,0.22774188,False,right
D_L右侧_R平.txt,1,1,0.85131013,True,left
D_L右侧_R平.txt,0,0,0.225908,False,right
D_L右侧_R平.txt,1,1,0.8633958,True,left
D_L右侧_R平.txt,0,0,0.26691198,False,right
D_L右侧_R平.txt,1,1,0.8765939,True,left
D_L右侧_R平.txt,0,0,0.229479,False,right
D_L右侧_R平.txt,1,1,0.8868325,True,left
D_L右侧_R平.txt,0,0,0.22850119,False,right
D_L右侧_R平.txt,1,1,0.88174146,True,left
D_L右侧_R平.txt,0,0,0.22647262,False,right
D_L右侧_R平.txt,1,1,0.8771652,True,left
D_L右侧_R平.txt,0,0,0.21809705,False,right
D_L右侧_R平.txt,1,1,0.8668805,True,left
D_L右侧_R平.txt,0,0,0.22490636,False,right
D_L右侧_R平.txt,1,1,0.8816511,True,left
D_L右侧_R平.txt,0,0,0.26269162,False,right
D_L右侧_R平.txt,1,1,0.8612263,True,left
D_L右侧_R平.txt,0,0,0.23390456,False,right
D_L右侧_R平.txt,1,1,0.8744301,True,left
D_L右侧_R平.txt,0,0,0.22564583,False,right
D_L右侧_R平.txt,1,1,0.87361825,True,left
D_L右侧_R平.txt,0,0,0.22013582,False,right
D_L右侧_R平.txt,1,1,0.8794794,True,left
D_L右侧_R平.txt,0,0,0.22335008,False,right
D_L右侧_R平.txt,1,1,0.8883485,True,left
D_L右侧_R平.txt,0,0,0.23087204,False,right
D_L右侧_R平.txt,1,1,0.8877147,True,left
D_L右侧_R平.txt,0,0,0.21215725,False,right
D_L右侧_R平.txt,1,1,0.8853416,True,left
D_L右侧_R平.txt,0,0,0.22886673,False,right
D_L右侧_R平.txt,1,1,0.8800884,True,left
D_L右侧_R平.txt,0,0,0.2253337,False,right
D_L右侧_R平.txt,1,1,0.88523585,True,left
D_L右侧_R平.txt,0,0,0.2283273,False,right
D_L右侧_R平.txt,1,1,0.89203143,True,left
D_L右侧_R平.txt,0,0,0.22898701,False,right
D_L右侧_R平.txt,1,1,0.84727514,True,left
D_L右侧_R平.txt,0,0,0.22183812,False,right
D_L右侧_R平.txt,1,1,0.87845373,True,left
D_L右侧_R平.txt,0,0,0.27464527,False,right
D_L右侧_R平.txt,1,1,0.87797695,True,left
D_L右侧_R平.txt,0,0,0.2862738,False,right
D_L右侧_R平.txt,1,1,0.8812026,True,left
D_L右侧_R平.txt,0,0,0.27477416,False,right
D_L右侧_R平.txt,1,1,0.87533474,True,left
D_L右侧_R平.txt,0,0,0.26596564,False,right
D_L右侧_R平.txt,1,1,0.8418224,True,left
D_L右侧_R平.txt,0,0,0.25863767,False,right
D_L右侧_R平.txt,1,1,0.8708663,True,left
D_L右侧_R平.txt,0,0,0.2518459,False,right
D_L右侧_R平.txt,1,1,0.8677668,True,left
D_L右侧_R平.txt,0,0,0.255345,False,right
D_L右侧_R平.txt,1,1,0.8804466,True,left
D_L右侧_R平.txt,0,0,0.2519221,False,right
D_L右侧_R平.txt,1,1,0.88615334,True,left
D_L右侧_R平.txt,0,0,0.26257712,False,right
D_L右侧_R平.txt,1,1,0.88699806,True,left
D_L右侧_R平.txt,0,0,0.26079544,False,right
D_L右侧_R平.txt,1,1,0.88962364,True,left
D_L右侧_R平.txt,0,0,0.22380772,False,right
D_L右侧_R平.txt,1,1,0.87871313,True,left
D_L右侧_R平.txt,0,0,0.2675426,False,right
D_L右侧_R平.txt,1,1,0.8880011,True,left
D_L右侧_R平.txt,0,0,0.26206157,False,right
D_L右侧_R平.txt,1,1,0.8658656,True,left
D_L右侧_R平.txt,0,0,0.2226419,False,right
D_L右侧_R平.txt,1,1,0.87931883,True,left
D_L右侧_R平.txt,0,0,0.26298982,False,right
D_L右侧_R平.txt,1,1,0.88029176,True,left
D_L右侧_R平.txt,0,0,0.29738215,False,right
D_L右侧_R平.txt,1,1,0.84102863,True,left
D_L右侧_R平.txt,0,0,0.28384492,False,right
D_L右侧_R平.txt,1,1,0.87916815,True,left
D_L右侧_R平.txt,0,0,0.26670942,False,right
D_L右侧_R平.txt,1,1,0.89110434,True,left
D_L右侧_R平.txt,0,0,0.22023782,False,right
D_L右侧_R平.txt,1,1,0.85874933,True,left
D_L右侧_R平.txt,0,0,0.25710565,False,right
D_L右侧_R平.txt,1,1,0.8816648,True,left
D_L右侧_R平.txt,0,0,0.26427394,False,right
D_L右侧_R平.txt,1,1,0.8788101,True,left
D_L右侧_R平.txt,0,0,0.26727524,False,right
D_L右侧_R平.txt,1,1,0.8633338,True,left
D_L右侧_R平.txt,0,0,0.26125687,False,right
D_L右侧_R平.txt,1,1,0.8636029,True,left
D_L右侧_R平.txt,0,0,0.2578458,False,right
D_L右侧_R平.txt,1,1,0.8827389,True,left
D_L右侧_R平.txt,0,0,0.27227026,False,right
D_L右侧_R平.txt,1,1,0.88658273,True,left
D_L右侧_R平.txt,0,0,0.22087884,False,right
D_L右侧_R平.txt,1,1,0.8887573,True,left
D_L右侧_R平.txt,0,0,0.26025048,False,right
D_L右侧_R平.txt,1,1,0.85852,True,left
D_L右侧_R平.txt,0,0,0.22269651,False,right
D_L右侧_R平.txt,1,1,0.88201606,True,left
D_L右侧_R平.txt,0,0,0.21607807,False,right
D_L右侧_R平.txt,1,1,0.8462477,True,left
D_L右侧_R平.txt,0,0,0.2182874,False,right
D_L右侧_R平.txt,1,1,0.88394135,True,left
D_L右侧_R平.txt,0,0,0.2956283,False,right
D_L右侧_R平.txt,1,1,0.8670957,True,left
D_L右侧_R平.txt,0,0,0.2552811,False,right
D_L右侧_R平.txt,1,1,0.8856092,True,left
D_L右侧_R平.txt,0,0,0.28684723,False,right
D_L右侧_R平.txt,1,1,0.84955764,True,left
D_L右侧_R平.txt,0,0,0.38514245,False,right
D_L右侧_R平.txt,1,1,0.81385374,True,left
D_L右侧_R平.txt,0,0,0.2626723,False,right
D_L右侧_R平.txt,1,1,0.8522017,True,left
D_L右侧_R平.txt,0,0,0.38339585,False,right
D_L右侧_R平.txt,1,1,0.835843,True,left
D_L右侧_R平.txt,0,0,0.39108312,False,right
D_L右侧_R平.txt,1,1,0.79829293,True,left
D_L右侧_R平.txt,0,0,0.38759097,False,right
D_L右侧_R平.txt,1,1,0.8559354,True,left
D_L右侧_R平.txt,0,0,0.2876876,False,right
D_L右侧_R平.txt,1,1,0.83687854,True,left
D_L右侧_R平.txt,0,0,0.36717933,False,right
D_L右侧_R平.txt,1,1,0.88271993,True,left
D_L右侧_R平.txt,0,0,0.3695129,False,right
D_L右侧_R平.txt,1,1,0.8726387,True,left
D_L右侧_R平.txt,0,0,0.2533895,False,right
D_L右侧_R平.txt,1,1,0.8541691,True,left
D_L右侧_R平.txt,0,0,0.35320914,False,right
D_L右侧_R平.txt,1,1,0.8493412,True,left
D_L右侧_R平.txt,0,0,0.2591014,False,right
D_L右侧_R平.txt,1,1,0.8728533,True,left
D_L右侧_R平.txt,0,0,0.34053785,False,right
D_L右侧_R平.txt,1,1,0.8303201,True,left
D_L右侧_R平.txt,0,0,0.37223795,False,right
D_L右侧_R平.txt,1,1,0.8768026,True,left
D_L右侧_R平.txt,0,0,0.39222226,False,right
D_L右侧_R平.txt,1,1,0.87438023,True,left
D_L右侧_R平.txt,0,0,0.35273322,False,right
D_L右侧_R平.txt,1,1,0.8667077,True,left
D_L右侧_R平.txt,0,0,0.3684898,False,right
D_L右侧_R平.txt,1,1,0.8715235,True,left
D_L右侧_R平.txt,0,0,0.40172425,False,right
D_L右侧_R平.txt,1,1,0.8803017,True,left
D_L右侧_R平.txt,0,0,0.3727327,False,right
D_L右侧_R平.txt,1,1,0.8621981,True,left
D_L右侧_R平.txt,0,0,0.31897977,False,right
D_L右侧_R平.txt,1,1,0.85901535,True,left
D_L右侧_R平.txt,0,1,0.43591464,False,right
D_L右侧_R平.txt,1,1,0.8727486,True,left
D_L右侧_R平.txt,0,1,0.44552737,False,right
D_L右侧_R平.txt,1,1,0.84948826,True,left
D_L右侧_R平.txt,0,0,0.26898158,False,right
D_L右侧_R平.txt,1,1,0.85477924,True,left
D_L右侧_R平.txt,0,1,0.42242098,False,right
D_L右侧_R平.txt,1,1,0.8213177,True,left
D_L右侧_R平.txt,0,0,0.39806178,False,right
D_L右侧_R平.txt,1,1,0.85507643,True,left
D_L右侧_R平.txt,0,1,0.4108327,False,right
D_L平_R右侧.txt,0,0,0.35491943,True,left
D_L平_R右侧.txt,1,1,0.7049873,False,right
D_L平_R右侧.txt,0,0,0.32302824,True,left
D_L平_R右侧.txt,1,1,0.6653682,False,right
D_L平_R右侧.txt,0,0,0.3354585,True,left
D_L平_R右侧.txt,1,1,0.6973711,False,right
D_L平_R右侧.txt,0,0,0.30533653,True,left
D_L平_R右侧.txt,1,1,0.69006014,False,right
D_L平_R右侧.txt,0,0,0.3303158,True,left
D_L平_R右侧.txt,1,1,0.7007564,False,right
D_L平_R右侧.txt,0,0,0.31325537,True,left
D_L平_R右侧.txt,1,1,0.6836003,False,right
D_L平_R右侧.txt,0,0,0.31418532,True,left
D_L平_R右侧.txt,1,1,0.6769277,False,right
D_L平_R右侧.txt,0,0,0.22515513,True,left
D_L平_R右侧.txt,1,0,0.38777807,False,right
D_L平_R右侧.txt,0,0,0.26534173,True,left
D_L平_R右侧.txt,1,1,0.6041259,False,right
D_L平_R右侧.txt,0,0,0.15996966,True,left
D_L平_R右侧.txt,1,1,0.611107,False,right
D_L平_R右侧.txt,0,0,0.17271346,True,left
D_L平_R右侧.txt,1,1,0.53787476,False,right
D_L平_R右侧.txt,0,0,0.1860598,True,left
D_L平_R右侧.txt,1,1,0.7132832,False,right
D_L平_R右侧.txt,0,0,0.17402224,True,left
D_L平_R右侧.txt,1,1,0.7355149,False,right
D_L平_R右侧.txt,0,0,0.17353524,True,left
D_L平_R右侧.txt,1,1,0.72136706,False,right
D_L平_R右侧.txt,0,0,0.17583746,True,left
D_L平_R右侧.txt,1,1,0.72513354,False,right
D_L平_R右侧.txt,0,0,0.18818513,True,left
D_L平_R右侧.txt,1,1,0.7100787,False,right
D_L平_R右侧.txt,0,0,0.17248689,True,left
D_L平_R右侧.txt,1,1,0.7314329,False,right
D_L平_R右侧.txt,0,0,0.17517199,True,left
D_L平_R右侧.txt,1,1,0.7394223,False,right
D_L平_R右侧.txt,0,0,0.16793874,True,left
D_L平_R右侧.txt,1,1,0.713987,False,right
D_L平_R右侧.txt,0,0,0.16770448,True,left
D_L平_R右侧.txt,1,1,0.72273976,False,right
D_L平_R右侧.txt,0,0,0.16681656,True,left
D_L平_R右侧.txt,1,1,0.7239479,False,right
D_L平_R右侧.txt,0,0,0.16552056,True,left
D_L平_R右侧.txt,1,1,0.7250694,False,right
D_L平_R右侧.txt,0,0,0.16765931,True,left
D_L平_R右侧.txt,1,1,0.7194798,False,right
D_L平_R右侧.txt,0,0,0.17048824,True,left
D_L平_R右侧.txt,1,1,0.71898097,False,right
D_L平_R右侧.txt,0,0,0.16203201,True,left
D_L平_R右侧.txt,1,1,0.6692808,False,right
D_L平_R右侧.txt,0,0,0.15661517,True,left
D_L平_R右侧.txt,1,1,0.65004206,False,right
D_L平_R右侧.txt,0,0,0.15494964,True,left
D_L平_R右侧.txt,1,1,0.6487961,False,right
D_L平_R右侧.txt,0,0,0.16064598,True,left
D_L平_R右侧.txt,1,1,0.6565808,False,right
D_L平_R右侧.txt,0,0,0.16753198,True,left
D_L平_R右侧.txt,1,1,0.65247846,False,right
D_L平_R右侧.txt,0,0,0.17186832,True,left
D_L平_R右侧.txt,1,1,0.63983035,False,right
D_L平_R右侧.txt,0,0,0.15931354,True,left
D_L平_R右侧.txt,1,1,0.6798587,False,right
D_L平_R右侧.txt,0,0,0.15619265,True,left
D_L平_R右侧.txt,1,1,0.66984177,False,right
D_L平_R右侧.txt,0,0,0.15928227,True,left
D_L平_R右侧.txt,1,1,0.66459894,False,right
D_L平_R右侧.txt,0,0,0.1624724,True,left
D_L平_R右侧.txt,1,1,0.66964746,False,right
D_L平_R右侧.txt,0,0,0.16196738,True,left
D_L平_R右侧.txt,1,1,0.66516376,False,right
D_L平_R右侧.txt,0,0,0.16317354,True,left
D_L平_R右侧.txt,1,1,0.6380166,False,right
D_L平_R右侧.txt,0,0,0.16020869,True,left
D_L平_R右侧.txt,1,1,0.663705,False,right
D_L平_R右侧.txt,0,0,0.1580718,True,left
D_L平_R右侧.txt,1,1,0.65791047,False,right
D_L平_R右侧.txt,0,0,0.16357465,True,left
D_L平_R右侧.txt,1,1,0.6591375,False,right
D_L平_R右侧.txt,0,0,0.15942414,True,left
D_L平_R右侧.txt,1,1,0.66585135,False,right
D_L平_R右侧.txt,0,0,0.15481268,True,left
D_L平_R右侧.txt,1,1,0.6659676,False,right
D_L平_R右侧.txt,0,0,0.16040517,True,left
D_L平_R右侧.txt,1,1,0.6519407,False,right
D_L平_R右侧.txt,0,0,0.15737647,True,left
D_L平_R右侧.txt,1,1,0.65938663,False,right
D_L平_R右侧.txt,0,0,0.15773243,True,left
D_L平_R右侧.txt,1,1,0.6633907,False,right
D_L平_R右侧.txt,0,0,0.1606274,True,left
D_L平_R右侧.txt,1,1,0.65379655,False,right
D_L平_R右侧.txt,0,0,0.16114177,True,left
D_L平_R右侧.txt,1,1,0.66266763,False,right
D_L平_R右侧.txt,0,0,0.15699781,True,left
D_L平_R右侧.txt,1,1,0.6557006,False,right
D_L平_R右侧.txt,0,0,0.16101156,True,left
D_L平_R右侧.txt,1,1,0.67446727,False,right
D_L平_R右侧.txt,0,0,0.16338485,True,left
D_L平_R右侧.txt,1,1,0.5966948,False,right
D_L平_R右侧.txt,0,0,0.16004576,True,left
D_L平_R右侧.txt,1,1,0.5552395,False,right
D_L平_R右侧.txt,0,0,0.15854135,True,left
D_L平_R右侧.txt,1,1,0.60361665,False,right
D_L平_R右侧.txt,0,0,0.16895273,True,left
D_L平_R右侧.txt,1,1,0.63704324,False,right
D_L平_R右侧.txt,0,0,0.15843424,True,left
D_L平_R右侧.txt,1,1,0.63310504,False,right
D_L平_R右侧.txt,0,0,0.1601396,True,left
D_L平_R右侧.txt,1,1,0.6266688,False,right
D_L平_R右侧.txt,0,0,0.15486307,True,left
D_L平_R右侧.txt,1,1,0.63957846,False,right
D_L平_R右侧.txt,0,0,0.15660803,True,left
D_L平_R右侧.txt,1,1,0.6424774,False,right
D_L平_R右侧.txt,0,0,0.16704549,True,left
D_L平_R右侧.txt,1,1,0.6272216,False,right
D_L平_R右侧.txt,0,0,0.15684237,True,left
D_L平_R右侧.txt,1,1,0.66227525,False,right
D_L平_R右侧.txt,0,0,0.15518297,True,left
D_L平_R右侧.txt,1,1,0.637814,False,right
D_L平_R右侧.txt,0,0,0.16467766,True,left
D_L平_R右侧.txt,1,1,0.63268846,False,right
D_L平_R右侧.txt,0,0,0.15522803,True,left
D_L平_R右侧.txt,1,1,0.6482227,False,right
D_L平_R右侧.txt,0,0,0.157429,True,left
D_L平_R右侧.txt,1,1,0.6543176,False,right
D_L平_R右侧.txt,0,0,0.15956078,True,left
D_L平_R右侧.txt,1,1,0.63322645,False,right
D_L平_R右侧.txt,0,0,0.16274281,True,left
D_L平_R右侧.txt,1,1,0.6426519,False,right
D_L平_R右侧.txt,0,0,0.15686682,True,left
D_L平_R右侧.txt,1,1,0.64316344,False,right
D_L平_R右侧.txt,0,0,0.1569053,True,left
D_L平_R右侧.txt,1,1,0.63534546,False,right
D_L平_R右侧.txt,0,0,0.16004707,True,left
D_L平_R右侧.txt,1,1,0.6574136,False,right
D_L平_R右侧.txt,0,0,0.15870325,True,left
D_L平_R右侧.txt,1,1,0.63652855,False,right
D_L平_R右侧.txt,0,0,0.15956905,True,left
D_L平_R右侧.txt,1,1,0.6158634,False,right
D_L平_R右侧.txt,0,0,0.16044821,True,left
D_L平_R右侧.txt,1,1,0.63180715,False,right
D_L平_R右侧.txt,0,0,0.15512852,True,left
D_L平_R右侧.txt,1,1,0.44109964,False,right
D_L平_R右侧.txt,0,0,0.15009193,True,left
D_L平_R右侧.txt,1,1,0.4888552,False,right
D_L平_R右侧.txt,0,0,0.15160918,True,left
D_L平_R右侧.txt,1,0,0.3739588,False,right
D_L平_R右侧.txt,0,0,0.15749949,True,left
D_L平_R右侧.txt,1,1,0.4582985,False,right
D_L平_R右侧.txt,0,0,0.15514304,True,left
D_L平_R右侧.txt,1,1,0.4297001,False,right
D_L平_R右侧.txt,0,0,0.16142885,True,left
D_L平_R右侧.txt,1,1,0.44889304,False,right
D_L平_R右侧.txt,0,0,0.16318281,True,left
D_L平_R右侧.txt,1,1,0.41211718,False,right
D_L平_R右侧.txt,0,0,0.16123822,True,left
D_L平_R右侧.txt,1,0,0.3667123,False,right
D_L平_R右侧.txt,0,0,0.15649328,True,left
D_L平_R右侧.txt,1,0,0.38031977,False,right
D_L平_R右侧.txt,0,0,0.15917984,True,left
D_L平_R右侧.txt,1,0,0.39565805,False,right
D_L平_R右侧.txt,0,0,0.15783899,True,left
D_L平_R右侧.txt,1,1,0.4337289,False,right
D_L平_R右侧.txt,0,0,0.15724935,True,left
D_L平_R右侧.txt,1,1,0.43181598,False,right
D_L平_R右侧.txt,0,0,0.15875293,True,left
D_L平_R右侧.txt,1,1,0.43015185,False,right
D_L平_R右侧.txt,0,0,0.15769306,True,left
D_L平_R右侧.txt,1,1,0.42636132,False,right
D_L平_R平.txt,0,0,0.15744227,True,left
D_L平_R平.txt,0,0,0.31991947,False,right
D_L平_R平.txt,0,0,0.16028582,True,left
D_L平_R平.txt,0,0,0.3091333,False,right
D_L平_R平.txt,0,0,0.16018298,True,left
D_L平_R平.txt,0,0,0.3201941,False,right
D_L平_R平.txt,0,0,0.15549201,True,left
D_L平_R平.txt,0,0,0.32001787,False,right
D_L平_R平.txt,0,0,0.15863739,True,left
D_L平_R平.txt,0,0,0.32412004,False,right
D_L平_R平.txt,0,0,0.16165005,True,left
D_L平_R平.txt,0,0,0.32136238,False,right
D_L平_R平.txt,0,0,0.16235347,True,left
D_L平_R平.txt,0,0,0.32365805,False,right
D_L平_R平.txt,0,0,0.15697539,True,left
D_L平_R平.txt,0,0,0.31704873,False,right
D_L平_R平.txt,0,0,0.15910688,True,left
D_L平_R平.txt,0,0,0.32948524,False,right
D_L平_R平.txt,0,0,0.15463214,True,left
D_L平_R平.txt,0,0,0.31739292,False,right
D_L平_R平.txt,0,0,0.1868332,True,left
D_L平_R平.txt,0,0,0.29392225,False,right
D_L平_R平.txt,0,0,0.3387939,True,left
D_L平_R平.txt,0,0,0.19480324,False,right
D_L平_R平.txt,0,0,0.22047575,True,left
D_L平_R平.txt,0,0,0.1965791,False,right
D_L平_R平.txt,0,0,0.23989981,True,left
D_L平_R平.txt,0,0,0.23109002,False,right
D_L平_R平.txt,0,0,0.20207913,True,left
D_L平_R平.txt,0,0,0.2243901,False,right
D_L平_R平.txt,0,0,0.19159104,True,left
D_L平_R平.txt,0,0,0.25535765,False,right
D_L平_R平.txt,0,0,0.18684538,True,left
D_L平_R平.txt,0,0,0.23900674,False,right
D_L平_R平.txt,0,0,0.18891925,True,left
D_L平_R平.txt,0,0,0.22732492,False,right
D_L平_R平.txt,0,0,0.19072273,True,left
D_L平_R平.txt,0,0,0.21700944,False,right
D_L平_R平.txt,0,0,0.18321009,True,left
D_L平_R平.txt,0,0,0.2260534,False,right
D_L平_R平.txt,0,0,0.18481456,True,left
D_L平_R平.txt,0,0,0.22232503,False,right
D_L平_R平.txt,0,0,0.18900351,True,left
D_L平_R平.txt,0,0,0.22646533,False,right
D_L平_R平.txt,0,0,0.18189043,True,left
D_L平_R平.txt,0,0,0.23131354,False,right
D_L平_R平.txt,0,0,0.18683764,True,left
D_L平_R平.txt,0,0,0.2266729,False,right
D_L平_R平.txt,0,0,0.19467656,True,left
D_L平_R平.txt,0,0,0.22631302,False,right
D_L平_R平.txt,0,0,0.18882407,True,left
D_L平_R平.txt,0,0,0.22770901,False,right
D_L平_R平.txt,0,0,0.18539947,True,left
D_L平_R平.txt,0,0,0.23339896,False,right
D_L平_R平.txt,0,0,0.18478745,True,left
D_L平_R平.txt,0,0,0.22331381,False,right
D_L平_R平.txt,0,0,0.18918069,True,left
D_L平_R平.txt,0,0,0.22596401,False,right
D_L平_R平.txt,0,0,0.19676493,True,left
D_L平_R平.txt,0,0,0.23183553,False,right
D_L平_R平.txt,0,0,0.18770999,True,left
D_L平_R平.txt,0,0,0.21943091,False,right
D_L平_R平.txt,0,0,0.18475786,True,left
D_L平_R平.txt,0,0,0.21976422,False,right
D_L平_R平.txt,0,0,0.17751394,True,left
D_L平_R平.txt,0,0,0.24701007,False,right
D_L平_R平.txt,0,0,0.19575128,True,left
D_L平_R平.txt,0,0,0.22429168,False,right
D_L平_R平.txt,0,0,0.19016446,True,left
D_L平_R平.txt,0,0,0.22379637,False,right
D_L平_R平.txt,0,0,0.18349315,True,left
D_L平_R平.txt,0,0,0.22879697,False,right
D_L平_R平.txt,0,0,0.1920738,True,left
D_L平_R平.txt,0,0,0.23324324,False,right
D_L平_R平.txt,0,0,0.18375136,True,left
D_L平_R平.txt,0,0,0.23037605,False,right
D_L平_R平.txt,0,0,0.18239316,True,left
D_L平_R平.txt,0,0,0.229216,False,right
D_L平_R平.txt,0,0,0.18580003,True,left
D_L平_R平.txt,0,0,0.23551126,False,right
D_L平_R平.txt,0,0,0.19196676,True,left
D_L平_R平.txt,0,0,0.22560884,False,right
D_L平_R平.txt,0,0,0.1809952,True,left
D_L平_R平.txt,0,0,0.23134868,False,right
D_L平_R平.txt,0,0,0.18112357,True,left
D_L平_R平.txt,0,0,0.23383202,False,right
D_L平_R平.txt,0,0,0.18228938,True,left
D_L平_R平.txt,0,0,0.22832438,False,right
D_L平_R平.txt,0,0,0.18786797,True,left
D_L平_R平.txt,0,0,0.23899174,False,right
D_L平_R平.txt,0,0,0.1846733,True,left
D_L平_R平.txt,0,0,0.23266245,False,right
D_L平_R平.txt,0,0,0.1840929,True,left
D_L平_R平.txt,0,0,0.23534133,False,right
D_L平_R平.txt,0,0,0.183737,True,left
D_L平_R平.txt,0,0,0.23044012,False,right
D_L平_R平.txt,0,0,0.18122375,True,left
D_L平_R平.txt,0,0,0.23800759,False,right
D_L平_R平.txt,0,0,0.18587573,True,left
D_L平_R平.txt,0,0,0.23649274,False,right
D_L平_R平.txt,0,0,0.18252318,True,left
D_L平_R平.txt,0,0,0.23023067,False,right
D_L平_R平.txt,0,0,0.18448618,True,left
D_L平_R平.txt,0,0,0.23385216,False,right
D_L平_R平.txt,0,0,0.18591239,True,left
D_L平_R平.txt,0,0,0.23514508,False,right
D_L平_R平.txt,0,0,0.18126163,True,left
D_L平_R平.txt,0,0,0.24114235,False,right
D_L平_R平.txt,0,0,0.18185316,True,left
D_L平_R平.txt,0,0,0.24058491,False,right
D_L平_R平.txt,0,0,0.1843647,True,left
D_L平_R平.txt,0,0,0.24149333,False,right
D_L平_R平.txt,0,0,0.18353668,True,left
D_L平_R平.txt,0,0,0.23378679,False,right
D_L平_R平.txt,0,0,0.18186729,True,left
D_L平_R平.txt,0,0,0.23443258,False,right
D_L平_R平.txt,0,0,0.18239804,True,left
D_L平_R平.txt,0,0,0.22584166,False,right
D_L平_R平.txt,0,0,0.18042152,True,left
D_L平_R平.txt,0,0,0.23075464,False,right
D_L平_R平.txt,0,0,0.18299973,True,left
D_L平_R平.txt,0,0,0.23332864,False,right
D_L平_R平.txt,0,0,0.18095712,True,left
D_L平_R平.txt,0,0,0.23896316,False,right
D_L平_R平.txt,0,0,0.18362688,True,left
D_L平_R平.txt,0,0,0.23706582,False,right
D_L平_R平.txt,0,0,0.19271521,True,left
D_L平_R平.txt,0,0,0.23677419,False,right
D_L平_R平.txt,0,0,0.1806236,True,left
D_L平_R平.txt,0,0,0.23211202,False,right
D_L平_R平.txt,0,0,0.17985275,True,left
D_L平_R平.txt,0,0,0.24534793,False,right
D_L平_R平.txt,0,0,0.18246867,True,left
D_L平_R平.txt,0,0,0.23879921,False,right
D_L平_R平.txt,0,0,0.1816981,True,left
D_L平_R平.txt,0,0,0.24291237,False,right
D_L平_R平.txt,0,0,0.1824696,True,left
D_L平_R平.txt,0,0,0.2369624,False,right
D_L平_R平.txt,0,0,0.18365519,True,left
D_L平_R平.txt,0,0,0.23542279,False,right
D_L平_R平.txt,0,0,0.18472001,True,left
D_L平_R平.txt,0,0,0.23583375,False,right
D_L平_R平.txt,0,0,0.1789823,True,left
D_L平_R平.txt,0,0,0.24049939,False,right
D_L平_R平.txt,0,0,0.18034129,True,left
D_L平_R平.txt,0,0,0.23481883,False,right
D_L平_R平.txt,0,0,0.18308967,True,left
D_L平_R平.txt,0,0,0.24638176,False,right
D_L平_R平.txt,0,0,0.18255246,True,left
D_L平_R平.txt,0,0,0.24668834,False,right
D_L平_R平.txt,0,0,0.18175472,True,left
D_L平_R平.txt,0,0,0.22976698,False,right
D_L平_R平.txt,0,0,0.1828494,True,left
D_L平_R平.txt,0,0,0.24531274,False,right
D_L平_R平.txt,0,0,0.18054937,True,left
D_L平_R平.txt,0,0,0.23828459,False,right
D_L平_R平.txt,0,0,0.17846142,True,left
D_L平_R平.txt,0,0,0.23519808,False,right
D_L平_R平.txt,0,0,0.18309239,True,left
D_L平_R平.txt,0,0,0.2471632,False,right
D_L平_R平.txt,0,0,0.18402538,True,left
D_L平_R平.txt,0,0,0.2397095,False,right
D_L平_R平.txt,0,0,0.18383843,True,left
D_L平_R平.txt,0,0,0.25931698,False,right
D_L平_R平.txt,0,0,0.18755068,True,left
D_L平_R平.txt,0,0,0.2327005,False,right
D_L平_R平.txt,0,0,0.18288088,True,left
D_L平_R平.txt,0,0,0.24163158,False,right
D_L平_R平.txt,0,0,0.17993888,True,left
D_L平_R平.txt,0,0,0.23306668,False,right
D_L平_R平.txt,0,0,0.19813246,True,left
D_L平_R平.txt,0,0,0.23392774,False,right
D_L平_R平.txt,0,0,0.1785563,True,left
D_L平_R平.txt,0,0,0.23961844,False,right
D_L平_R平.txt,0,0,0.1838258,True,left
D_L平_R平.txt,0,0,0.24708875,False,right
D_L平_R平.txt,0,0,0.18251565,True,left
D_L平_R平.txt,0,0,0.23361783,False,right
D_L平_R平.txt,0,0,0.1847797,True,left
D_L平_R平.txt,0,0,0.22986117,False,right
D_L平_R平.txt,0,0,0.18191382,True,left
D_L平_R平.txt,0,0,0.24217166,False,right
D_L平_R平.txt,0,0,0.1805346,True,left
D_L平_R平.txt,0,0,0.23778181,False,right
D_L平_R平.txt,0,0,0.18138318,True,left
D_L平_R平.txt,0,0,0.2417468,False,right
D_L平_R平.txt,0,0,0.18668732,True,left
D_L平_R平.txt,0,0,0.23330423,False,right
D_L平_R平.txt,0,0,0.18425597,True,left
D_L平_R平.txt,0,0,0.23770705,False,right
